switch_lux,plan_days,fast_sync,slow_sync,battery_days,comfort_%,syncs_per_day
762.5,20.0,22.3,63.0,20.9,44.9,49.4
680.4,20.1,25.8,62.4,21.3,44.7,44.5
843.2,20.7,21.1,66.4,21.9,43.5,48.7
919.4,21.2,16.0,70.8,22.3,41.2,57.3
676.7,21.4,23.3,47.1,22.9,40.8,47.5
467.3,22.1,15.3,65.2,23.3,38.2,58.0
1090.3,22.3,21.1,91.7,23.9,37.7,41.1
934.8,23.1,19.2,49.3,24.3,34.6,50.6
427.1,23.3,17.3,69.6,24.9,32.7,49.5
704.2,24.1,21.6,76.7,25.3,27.5,39.1
996.5,24.2,20.2,55.3,25.9,26.9,45.2
484.9,25.0,19.3,54.7,26.9,23.7,45.9
471.3,26.0,16.3,66.4,27.9,20.4,47.5
898.6,27.0,18.9,118.8,28.3,18.7,36.6
772.4,27.2,15.1,50.3,28.9,18.4,52.6
455.3,28.2,22.6,56.3,29.9,16.6,38.5
1364.8,29.0,19.4,83.4,30.3,14.8,34.1
658.1,29.2,20.7,59.2,30.9,14.3,37.9
829.5,30.0,21.5,85.0,31.3,12.6,30.0
999.8,30.3,17.4,63.7,31.9,12.1,37.7
376.5,31.0,23.1,83.0,32.3,10.5,27.0
1122.0,31.3,18.5,120.3,32.9,10.1,25.7
1113.6,32.0,16.4,72.4,33.9,8.6,31.9
609.7,33.2,15.6,90.6,34.9,7.0,25.9
986.4,33.9,17.6,53.5,35.3,5.6,33.0
1069.7,34.1,18.8,55.4,35.9,5.3,31.2
1490.9,34.9,15.8,60.1,36.3,3.9,28.7
674.8,35.2,16.1,57.4,36.9,3.5,28.9
1026.0,36.0,19.1,61.7,37.3,2.0,25.0
755.0,36.6,17.5,61.3,37.9,1.3,24.8
