device,user,stack,screen_J_day,saved_%,unreadable_min_day
phone,office worker,polarizer (today),5727.0,0.0,0.0
phone,office worker,polarizer-free,4838.0,15.4,0.0
phone,office worker,polarizer + moth eye,5202.0,9.2,0.0
phone,office worker,polarizer-free + moth eye,3957.0,31.0,0.0
phone,office worker,polarizer-free + moth + firefly,2865.0,50.0,0.0
phone,outdoor worker,polarizer (today),13056.0,0.0,0.0
phone,outdoor worker,polarizer-free,12190.0,6.5,150.0
phone,outdoor worker,polarizer + moth eye,7327.0,44.0,0.0
phone,outdoor worker,polarizer-free + moth eye,6697.0,48.3,0.0
phone,outdoor worker,polarizer-free + moth + firefly,4876.0,62.7,0.0
phone,night owl,polarizer (today),1810.0,0.0,0.0
phone,night owl,polarizer-free,1369.0,24.5,0.0
phone,night owl,polarizer + moth eye,1741.0,3.8,0.0
phone,night owl,polarizer-free + moth eye,1316.0,27.3,0.0
phone,night owl,polarizer-free + moth + firefly,952.0,47.4,0.0
tv,evening viewer,polarizer (today),514077.0,0.0,0.0
tv,evening viewer,polarizer-free,386195.0,24.5,0.0
tv,evening viewer,polarizer + moth eye,494205.0,3.8,0.0
tv,evening viewer,polarizer-free + moth eye,371636.0,27.3,0.0
tv,evening viewer,polarizer-free + moth + firefly,267215.0,47.4,0.0
tv,bright living room,polarizer (today),1516292.0,0.0,0.0
tv,bright living room,polarizer-free,1139099.0,24.5,0.0
tv,bright living room,polarizer + moth eye,1457680.0,3.8,0.0
tv,bright living room,polarizer-free + moth eye,1096155.0,27.3,0.0
tv,bright living room,polarizer-free + moth + firefly,788161.0,47.4,0.0
tv,sunny afternoon,polarizer (today),2335947.0,0.0,0.0
tv,sunny afternoon,polarizer-free,1754857.0,24.5,0.0
tv,sunny afternoon,polarizer + moth eye,2245651.0,3.8,0.0
tv,sunny afternoon,polarizer-free + moth eye,1688698.0,27.3,0.0
tv,sunny afternoon,polarizer-free + moth + firefly,1214214.0,47.4,0.0
