internal_reflection_%,stack,saved_%,unreadable_min_day
0.5,polarizer-free,24.9,0.0
0.5,polarizer-free + moth eye,57.6,0.0
1.0,polarizer-free,18.1,0.0
1.0,polarizer-free + moth eye,57.6,0.0
2.0,polarizer-free,6.1,150.0
2.0,polarizer-free + moth eye,56.7,0.0
3.0,polarizer-free,6.1,150.0
3.0,polarizer-free + moth eye,44.9,0.0
4.0,polarizer-free,6.1,150.0
4.0,polarizer-free + moth eye,31.8,0.0
6.0,polarizer-free,6.1,150.0
6.0,polarizer-free + moth eye,9.7,150.0
8.0,polarizer-free,6.1,150.0
8.0,polarizer-free + moth eye,9.7,150.0
