tier,stack,layers,harvest_J_day,display_saved_J_day,coverage_%_median,coverage_%_p10,coverage_%_p90,readability_%,passes_readability
e-reader,(none),0,0.0,0.0,0.0,0.0,0.0,100.0,True
e-reader,back_panel,1,5.615,0.0,34.757,22.641,60.493,100.0,True
e-reader,dye,1,9.5,0.0,57.553,31.204,111.2,80.968,False
e-reader,dye+back_panel,2,15.168,0.0,92.868,57.539,166.522,80.968,False
e-reader,moth_eye,1,0.0,0.0,0.0,0.0,0.0,108.105,True
e-reader,moth_eye+back_panel,2,5.663,0.0,34.681,22.497,61.224,108.105,True
e-reader,moth_eye+dye,2,9.812,0.0,60.989,33.169,110.76,87.279,True
e-reader,moth_eye+dye+back_panel,3,15.482,0.0,95.97,59.975,164.629,87.279,True
phone,(none),0,0.0,0.0,0.0,0.0,0.0,100.0,True
phone,back_panel,1,16.471,0.0,0.033,0.025,0.044,100.0,True
phone,firefly,1,0.0,5142.388,10.615,6.291,15.177,100.0,True
phone,firefly+back_panel,2,16.471,5182.702,10.697,6.437,15.081,100.0,True
phone,dye,1,23.553,-2111.191,-4.265,-6.636,-2.415,89.982,True
phone,dye+back_panel,2,40.191,-2111.191,-4.228,-6.611,-2.379,89.982,True
phone,dye+firefly,2,23.553,3685.951,7.661,2.745,11.994,89.982,True
phone,dye+firefly+back_panel,3,40.191,3763.442,7.819,2.791,12.179,89.982,True
phone,moth_eye,1,0.0,743.523,1.515,1.214,1.845,103.973,True
phone,moth_eye+back_panel,2,16.613,743.523,1.55,1.248,1.878,103.973,True
phone,moth_eye+firefly,2,0.0,5730.261,11.772,7.638,16.092,103.973,True
phone,moth_eye+firefly+back_panel,3,16.613,5695.845,11.631,7.638,16.197,103.973,True
phone,moth_eye+dye,2,24.326,-1325.633,-2.655,-4.647,-0.859,93.423,True
phone,moth_eye+dye+back_panel,3,40.938,-1325.633,-2.621,-4.611,-0.832,93.423,True
phone,moth_eye+dye+firefly,3,24.326,4226.904,8.69,4.082,13.291,93.423,True
phone,moth_eye+dye+firefly+back_panel,4,40.938,4319.932,8.966,4.153,13.394,93.423,True
tv,(none),0,0.0,0.0,0.0,0.0,0.0,100.0,True
tv,back_panel,1,0.0,0.0,0.0,0.0,0.0,100.0,True
tv,firefly,1,0.0,393432.184,23.321,13.945,30.638,100.0,True
tv,firefly+back_panel,2,0.0,397991.439,23.498,13.963,30.421,100.0,True
tv,dye,1,261.53,-162489.53,-9.382,-13.85,-5.408,89.982,True
tv,dye+back_panel,2,261.53,-162489.53,-9.382,-13.85,-5.408,89.982,True
tv,dye+firefly,2,261.53,281539.968,16.599,5.98,24.843,89.982,True
tv,dye+firefly+back_panel,3,261.53,287080.393,16.753,5.915,24.991,89.982,True
tv,moth_eye,1,0.0,57930.372,3.24,2.956,3.548,103.973,True
tv,moth_eye+back_panel,2,0.0,57930.372,3.24,2.956,3.548,103.973,True
tv,moth_eye+firefly,2,0.0,435994.165,25.881,16.485,32.526,103.973,True
tv,moth_eye+firefly+back_panel,3,0.0,429857.718,25.356,16.832,32.604,103.973,True
tv,moth_eye+dye,2,270.107,-101218.55,-5.931,-10.008,-1.982,93.423,True
tv,moth_eye+dye+back_panel,3,270.107,-101218.55,-5.931,-10.008,-1.982,93.423,True
tv,moth_eye+dye+firefly,3,270.107,320138.363,18.967,8.938,26.978,93.423,True
tv,moth_eye+dye+firefly+back_panel,4,270.107,325379.669,19.287,8.925,27.366,93.423,True
